institute_name,hostel_available,boys_hostel,girls_hostel,official_website
"A.D.PATEL INSTITUTE OF TECH.,KARAMSAD",Yes,Yes,Yes,https://www.adit.ac.in
"ADANI UNIVERSITY - FACULTY OF ENGINEERING SCIENCES & TECHNOLOGY (AU-FEST), AHMEDABAD",Yes,Yes,Yes,https://www.adaniuni.ac.in
"ADITYA SILVER OAK INSTITUTE OF TECHNOLOGY (WITHIN LIMITS OF AHMEDABAD MUNICIPAL CORPORATION) AHMEDABAD",Yes,Yes,Yes,https://silveroakuni.ac.in
"AHMEDABAD INSTITUTE OF TECH, AHMEDABAD",Yes,Yes,Yes,https://aitindia.in
"AHMEDABAD UNIVERSITY",Yes,Yes,Yes,https://ahduni.edu.in
"ALPHA COLLEGE OF ENGG. & TECH., KHATRAJ, KALOL",Yes,Yes,Yes,https://alpha-cet.in
"AMRUT INSTITUTE, Junagadh",Yes,Yes,Yes,https://www.aij.ind.in/
"AMT I.Sc.Tech, Bardoli",No,No,No,https://utu.ac.in
"ANANT SCHOOL FOR CLIMATE ACTION, AHMEDABAD",No,No,No,https://anu.edu.in
"APOLLO INSTITUTE OF ENGINEERING & TECHNOLOGY AHMEDABAD",Yes,Yes,Yes,http://www.aiet.edu.in/
"ARRDEKTA INST. OF TECHNOLOGY, KHEDBRAHMA, SABARKANTHA",Yes,Yes,Yes,https://www.arrdekta.org/
"ARUN MUNCHHALA ENGINEERING COLLEGE, AMRELI",Yes,Yes,Yes,https://arunmuchhalaengg.com/
"ASHA M. TARSADIA INSTITUTE OF COMPUTER SCIENCE & TECH. BARDOLI",Yes,Yes,Yes,https://utu.ac.in/AMTICS/
"ATMIYA UNIVERSITY, FACULTY OF ENGINEERING AND TECHNOLOGY, RAJKOT",Yes,Yes,Yes,https://atmiyauni.ac.in/
"B.H.GARDI COLLEGE OF ENGG. & TECHNOLOGY , RAJKOT",Yes,Yes,Yes,https://www.gardividyapith.ac.in/desktop/
"BALAJI, Makhiyala",No,No,No,http://www.becj.in
"BHAGWAN ARIHANT INSTITUTE OF TECH., SURAT",Yes,Yes,Yes,https://bmusurat.ac.in/bmu_website/institute/get_detail?institute_id=8
"BHAGWAN MAHAVIR COLLEGE OF ENGG. AND TECH., SURAT",Yes,Yes,Yes,https://bmusurat.ac.in/bmu_website/institute/get_detail?institute_id=22
"BIRLA VISHVAKARMA MAHA VIDHYALAYA, V.V.NAGAR",No,No,No,https://bvmengineering.ac.in 
"C. K. PITHAWALA COLLEGE OF ENGG. & TECH., SURAT",Yes,Yes,Yes,https://ckpcet.ac.in
"C.U.SHAH COLLEGE OF ENGG.& TECH., WADHVAN",Yes,Yes,Yes,https://www.cushahuniversity.ac.in/v5/colleges/ccetvbt/
"CENTRAL INSTITUTE OF PETROCHEMICALS ENGINEERING & TECHNOLOGY",Yes,Yes,Yes,https://www.cipet.gov.in
"CHAROTAR UNIVERSITY OF SCIENCE & TECHNOLOGY (CHARUSAT) - CHANDUBHAI S PATEL INSTITUTE OF TECHNOLOGY (CSPIT), CHANGA",Yes,Yes,Yes,https://www.charusat.ac.in
"CHAROTAR UNIVERSITY OF SCIENCE & TECHNOLOGY (CHARUSAT) - DEVANG PATEL INSTITUTE OF ADVANCE TECHNOLOGY AND RESEARCH",Yes,Yes,Yes,https://www.charusat.ac.in
"CHHOTUBHAI GOPALBHAI PATEL INSTITUTE OF TECH., TARSADI, BARDOLI",Yes,Yes,Yes,https://cgpit-bardoli.edu.in
"D. A. DEGREE ENGINEERING AND TECHNOLOGY, MAHEMDABAD, KHEDA",Yes,Yes,Yes,http://dadet.in
"DALIA INSTITUTE OF TECHNOLOGY, KANERA",Yes,Yes,Yes,https://dids.ac.in/
"DARSHAN INSTITUTE OF ENGG. & TECH., RAJKOT-MORBI HIGHWAY, HADALA",Yes,Yes,Yes,https://darshan.ac.in
"DHARMSINH DESAI UNIVERSITY, (DDU), NADIAD",Yes,Yes,Yes,https://www.ddu.ac.in
"DHIRUBHAI AMBANI INSTITUTE OF INFO. & COMM. TECH., GANDHINAGAR",Yes,Yes,Yes,https://www.daiict.ac.in
"DR. JIVRAJ MEHTA INSTITUTE OF TECHNOLOGY, ANAND",Yes,Yes,Yes,https://www.djmit.ac.in
"DR. S & S.S.GHANDHI GOVERNMENT ENGINEERING COLLEGE SURAT",Yes,Yes,Yes,https://www.ssgc.cteguj.in
"DR. SUBHASH UNIVERSITY, SCHOOL OF ENGINEERING & TECHNOLOGY, JUNAGADH",Yes,Yes,Yes,https://dsuni.ac.in/academics/
"DR. V.R. GODHANIA COLLEGE OF ENGG. & TECH., PORBANDAR",Yes,Yes,Yes,https://drvrgit.ac.in/
"ENGGINERING COLLEGE, TUWA, GODHARA",Yes,Yes,Yes,https://www.engtuwa.org/
"FACULTY OF ENGINEERING & TECHNOLOGY- GLS UNIVERSITY, AHMEDABAD",Yes,Yes,Yes,https://www.glsuniversity.ac.in
"FACULTY OF ENGINEERING & TECHNOLOGY- SIGMA UNIVERSITY, BAKROL, VADODARA",Yes,Yes,Yes,https://sigmauniversity.ac.in
"FACULTY OF TECHNOLOGY & ENGINEERING(MSU), VADODARA",Yes,Yes,Yes,https://msubaroda.ac.in
"FACULTY OF TECHNOLOGY, CEPT UNIVERSITY, AHMEDABAD",Yes,Yes,Yes,https://cept.ac.in
"G.H.PATEL COLLEGE OF ENGG. & TECH. , V. V. NAGAR",Yes,Yes,Yes,https://gcet.ac.in
"GANDHINAGAR INSTITUTE OF TECHNOLOGY, MOTI BHOYAN, KALOL, GANDHINAGAR",Yes,Yes,Yes,https://git.gandhinagaruni.ac.in/
"GANPAT UNIVERSITY, INSTITUTE OF COMPUTER TECH., KHERVA, MEHSANA",Yes,Yes,Yes,https://ganpatuniversity.ac.in
"GIDC DEGREE ENGINEERING COLLEGE, ABRAMA, NAVSARI",Yes,Yes,Yes,https://gdec.in
"GOVERNMENT ENGINEERING COLLEGE, BHARUCH",Yes,Yes,Yes,https://gecbharuch.com/
"GOVERNMENT ENGINEERING COLLEGE, BHAVNAGAR",Yes,Yes,Yes,https://gecbhavnagar.ac.in
"GOVERNMENT ENGINEERING COLLEGE, BHUJ",Yes,Yes,Yes,https://gecbhuj.ac.in
"GOVERNMENT ENGINEERING COLLEGE, DAHOD",Yes,Yes,Yes,https://gecdahod.ac.in
"GOVERNMENT ENGINEERING COLLEGE, GANDHINAGAR",Yes,Yes,Yes,https://gecg28.ac.in/
"GOVERNMENT ENGINEERING COLLEGE, GODHRA",Yes,Yes,Yes,https://gecgodhra.blogspot.com/p/contact.html
"GOVERNMENT ENGINEERING COLLEGE, MODASA",Yes,Yes,Yes,https://gecmodasa.ac.in
"GOVERNMENT ENGINEERING COLLEGE, PALANPUR",Yes,Yes,Yes,https://gecpalanpur.ac.in
"GOVERNMENT ENGINEERING COLLEGE, PATAN",Yes,Yes,Yes,https://gecpatan.ac.in
"GOVERNMENT ENGINEERING COLLEGE, RAJKOT",Yes,Yes,Yes,https://gecrajkot.ac.in
"GOVERNMENT ENGINEERING COLLEGE, VALSAD",Yes,Yes,Yes,https://www.gecv.ac.in/
"GROW MORE FACULTY OF ENGINEERING, BERNA, HIMMATNAGAR",Yes,Yes,Yes,http://www.growmore.ac.in
"GUJARAT POWER ENGINEERING AND RESEARCH INSTITUTE (GPERI) (PPP), MEVAD, MEHSANA",No,No,No,https://gperi.gtu.ac.in/
"GUJARAT TECHNOLOGICAL UNIVERSITY SCHOOL OF ENGINEERING AND TECHNOLOGY, CHANDKHEDA, AHMEDABAD",Yes,Yes,Yes,https://www.gtu.ac.in
"GYANMANJARI INSTITUTE OF TECHNOLOGY BHAVNAGAR",Yes,Yes,Yes,https://gmit.edu.in
"HANSABA COLLEGE OF ENGIEERING AND TECHNOLOGY, SIDDHPUR",Yes,Yes,Yes,https://www.google.com/search?q=Hansaba+college+of+engineering+and+technology+sidhpur+&sca_esv=1dcc31bae02bcde9&rlz=1C1CHBD_enIN1006IN1006&biw=770&bih=712&sxsrf=ANbL-n5ko0Z-fdX9fVplBFAeBgF1d4zq3Q%3A1776847738305&ei=eovoab6sEsmLvr0PiYCGwQE&ved=0ahUKEwi-0YvSiYGUAxXJha8BHQmAIRgQ4dUDCBE&uact=5&oq=Hansaba+college+of+engineering+and+technology+sidhpur+&gs_lp=Egxnd3Mtd2l6LXNlcnAiNkhhbnNhYmEgY29sbGVnZSBvZiBlbmdpbmVlcmluZyBhbmQgdGVjaG5vbG9neSBzaWRocHVyIEgAUABYAHAAeAGQAQCYAQCgAQCqAQC4AQPIAQD4AQGYAgCgAgCYAwCSBwCgBwCyBwC4BwDCBwDIBwCACAE&sclient=gws-wiz-serp
"HASMUKH GOSWAMI COLLEGE OF ENGG, VAHELAL",Yes,Yes,Yes,https://hgce.org
"HJD INSTITUTE OF TECHNICAL EDUCATION AND RESERCH, KERA",Yes,Yes,Yes,https://hjdinstitute.org
"INDUS INSTITUTE OF TECH. & ENGG., RACHARDA, AHMEDABAD",Yes,Yes,Yes,https://indusuni.ac.in
"INSTITUTE OF ADVANCED RESEARCH, GANDHINAGAR",Yes,Yes,Yes,https://iar.ac.in
"INSTITUTE OF INFRASTRUCTURE,TECHNOLOGY,RESEARCH AND MANAGEMENT(IITRAM),AHMEDABAD",Yes,Yes,Yes,https://iitram.ac.in
"INSTITUTE OF TECHNOLOGY, NIRMA UNIVERSITY OF SCIENCE & TECHNOLOGY, AHMEDABAD",Yes,Yes,Yes,https://nirmauni.ac.in
"Ipcowala Institute Of Engineering And Technology Dharmaj",Yes,Yes,Yes,http://iietedu.ac.in/
"JG UNIVERSITY - SCHOOL OF ENGINEERING, AHMEDABAD",Yes,Yes,Yes,https://jguni.in
"K.J. INSTITUTE OF ENGG. AND TECH., SAVALI",Yes,Yes,Yes,https://kjit.org
"KALOL INSTITUTE OF TECH. & RESEARCH CENTER ,KALOL",Yes,Yes,Yes,https://kirc.ac.in
"KANKESHWARI DEVI COLLEGE OF ENGINEERING, JAMNAGAR",Yes,Yes,Yes,https://kits-edu.com/
"KRISHNA SCHOOL OF EMERGING TECHNOLOGY & APPLIED RESEARCH (FORMERLY KNOWN AS BABARIA INSTITUTE OF TECHNOLOGY)",Yes,Yes,Yes,https://bitseducampus.org
"L.D.COLLEGE OF ENGINEERING, AHMEDABAD",Yes,Yes,Yes,https://ldce.ac.in
"L.D.R.P. INSTITUTE OF TECH. & RESEARCH., GANDHINAGAR",Yes,Yes,Yes,https://www.ldrp.ac.in
"L.E.COLLEGE ,MORBI",Yes,Yes,Yes,https://www.lecollege.ac.in
"L.J. INSTITUTE OF ENGG AND TECH., AHMEDABAD",Yes,Yes,Yes,https://ljku.edu.in/
"LALJIBHAI CHATURBHAI INSTITUTE OF TECH., BHANDU, MAHESANA",Yes,Yes,Yes,https://lcit.mlct.org.in/
"LAXMI INSTITUTE OF TECHNOLOGY, SARIGAM, VALSAD",Yes,Yes,Yes,https://lit.laxmi.edu.in
"MADHUBEN & BHANUBHAI PATEL INSTITUTE OF TECHNOLOGY, NEW V.V.NAGAR",Yes,Yes,Yes,https://www.mbit.edu.in/
"MAHATMA GANDHI INSTITUTE OF TECHNICAL EDUCATION & RESEARCH CENTRE, NAVSARI",Yes,Yes,Yes,https://mgiter.edu.in/
"MARWADI EDUCATION FOUNDATION'S GROUP OF INSTITUTIONS - FACULTY OF ENGINEERING & TECHNOLOGY, RAJKOT",Yes,Yes,Yes,https://www.marwadiuniversity.ac.in
"MERCHANT ENGG. COLLEGE, BASNA. VISNAGAR",Yes,Yes,Yes,http://www.mecbasna.ac.in
"NARNARAYAN SHASTRI INSTITUTE OF TECHNOLOGY, JETALPUR, AHMEDABAD",Yes,Yes,Yes,https://www.nsitgurukul.com/
"NEOTECH INSTITUTE OF TECHNOLOGY, VIROD, VADODARA",Yes,Yes,Yes,https://neotech.ac.in
"NOBLE ENGINEERING COLLEGE, JUNAGADH",Yes,Yes,Yes,https://ngivbt.edu.in
"OM ENGINEERING COLLEGE JUNAGADH",Yes,Yes,Yes,https://omeducation.edu.in
"Om Institute Of Technology, Shahera, Dist:Panchmahal",Yes,Yes,Yes,https://ominstitute.org/
"P.P. SAVANI SCHOOL OF ENGINEERING, P.P. SAVANI UNIVERSITY, KOSAMBA",Yes,Yes,Yes,https://www.ppsu.ac.in/
"PACIFIC SCHOOL OF ENGINEERING, SURAT",Yes,Yes,Yes,https://www.pacific-soe.ac.in
"Pandit Deendayal Energy University ,Gandhinagar",Yes,Yes,Yes,https://www.pdpu.ac.in
"Parul Institute of Engineering & Technology, Waghodia, Vadodara",Yes,Yes,Yes,https://www.paruluniversity.ac.in/master_2026_gsn/?gclsrc=aw.ds&&utm_source=google_search_ls_brand&utm_medium=Brand_Gujarat&utm_campaign=LS_Google_Search_Brand_2026_Gujarat_26thSept25&utm_adgroup=Brand_Core&utm_term=parul%20university&utm_network=g&utm_matchtype=e&utm_device=c&utm_placement=&utm_content=806941030296&utm_Adposition=&utm_location=9061737&utm_Sitelink=&utm_Audience=kwd-336940833285&utm_Promotion=&utm_Price=&gad_source=1&gad_campaignid=23057863904&gbraid=0AAAABBQzTkIP9CftgJLPYolmNqyxKG0iv&gclid=CjwKCAjw5NvPBhAoEiwA_2egfnBSTS8pQKaw9oxgWBHK94g-FxAqClw1PcjZ988XcsYNAWfzFXANnhoCFgYQAvD_BwE
"Prime Institute of Engineering and Technology, Jalalpore, Navsari",Yes,Yes,Yes,https://www.primecolleges.in/institute/prime-engg
"R.K. UNIVERSITY - SCHOOL OF ENGINEERING, RAJKOT",Yes,Yes,Yes,https://rku.ac.in
"Rai School of Engineering, Dholka, Ahmedabad",Yes,Yes,Yes,https://raiuniversity.edu
"S.P.B. PATEL ENGG. COLLEGE, (SAFFRONY), LINCH, MEHSANA",Yes,Yes,Yes,https://www.saffrony.ac.in
"S.S.AGRAWAL INSTITUTE OF ENGINEERING & TECHNOLOGY NAVSARI",Yes,Yes,Yes,https://ssagrawal.org
"SAL COLLEGE OF ENGINEERING , AHMEDABAD",Yes,Yes,Yes,https://www.sal.edu.in
"SANJAYBHAI RAJGURU COLLEGE OF ENGG. , RAJKOT",Yes,Yes,Yes,https://www.srez.edu.in/
"SANKALCHAND PATEL COLLEGE OF ENGG., VISNAGAR",Yes,Yes,Yes,https://spu.ac.in
"SARDAR PATEL COLLEGE OF ENGINEERING, BAKROL ANAND",Yes,Yes,Yes,https://spec.edu.in
"SARDAR VALLABHBHAI GLOBAL University - UCP Institute of Technology, Ahmedabad",Yes,Yes,Yes,https://svgu.ac.in
"SARDAR VALLABHBHAI PATEL INSTITUTE OF TECH.,VASAD",Yes,Yes,Yes,https://svitvasad.ac.in
"SARVAJANIK COLLEGE OF ENGG. & TECH. , SURAT",Yes,Yes,Yes,https://scet.ac.in
"SCHOOL OF ENGINEERING AND TECHNOLOGY, NAVRACHANA UNIVERSITY, VADODARA",Yes,Yes,Yes,https://nuv.ac.in
"SCHOOL OF ENGINEERING, INDRASHIL UNIVERSITY, KADI",Yes,Yes,Yes,https://indrashiluniversity.edu.in
"SCHOOL OF TECHNOLOGY, GSFC UNIVERSITY, VADODARA",Yes,Yes,Yes,https://www.gsfcuni.edu.in
"School of Engineering, Plastindia International University, Vapi",Yes,Yes,Yes,https://plastindia.edu.in/
"SHANKERSINH VAGHELA BAPU INSTITUTE OF TECH., UNAVA, GANDHINAGAR",Yes,Yes,Yes,https://bapugkv.ac.in
"SHANTILAL SHAH ENGINEERING COLLEGE ,BHAVNAGAR",Yes,Yes,Yes,https://www.ssgec.ac.in
"SHREE DHANVANTARY COLLEGE OF ENGINEERING & TECHNOLOGY, KIM",Yes,Yes,Yes,https://sdcet.org.in
"Shree Parekh Engineeirng College, Mahuva",Yes,Yes,Yes,https://sbpedutrust.org/Academic/ViewCollege.php?CollegeName=Shree%20Parekh%20Engineering%20College(SF)&CollegeDescription=86083.txt&CollegeImg=86083.png
"SHREE SWAMINARAYAN INSTITUTE OF TECHNOLOGY, BHAT, GANDHINAGAR",Yes,Yes,Yes,https://ssit.co.in
"Shri J M Sabva Institute Of Engineering And Technology, Botad",Yes,Yes,Yes,https://campuspro.co.in/colleges/12025/shri-jm-sabva-institute-of-engineering-technology
"SHRI LABHUBHAI TRIVEDI INSTITUTE OF ENGINEERING AND TECHNOLOGY, RAJKOT",Yes,Yes,Yes,https://sltiet.edu.in
"SHRI SADVIDHYA MANDAL INSTITUTE OF TECH., BHARUCH",Yes,Yes,Yes,https://svmit.ac.in
"Shri Satsangi Saketdham 'Ram Ashram' Group Of Institutions, Vadasma",No,No,No,http://www.satsangicampus.org
"SHRI SITARAM N PATEL INST. OF TECH. & RES. (SNPIT), BARDOLI, UMRAKH (VIDHYABHARTI TRUST)",No,No,No,https://snpitrc.ac.in
"SHRI SWAMI ATMANAND SARASWATI INSTITUTE OF TECH., SURAT",Yes,Yes,Yes,https://ssasit.ac.in
"SHROFF S.R.ROTARY INST. OF CHEMICAL TECHNOLOGY, VATATIA,BHARUCH",Yes,Yes,Yes,https://srict.in
"SILVER OAK COLLEGE OF ENGG., & TECH. (WITHIN AMHEDABAD MUNICIPAL CORPORATION LIMIT), AHMEDABAD",Yes,Yes,Yes,https://silveroakuni.ac.in
"SMT. S.R. PATEL ENGG. COLLEGE, DABHI, UNJHA",Yes,Yes,Yes,http://srpec.org.in/
"SMT. SHANTABEN HARIBHAI GAJERA ENGINEERING COLLEGE Amreli",Yes,Yes,Yes,https://campuspro.co.in/colleges/12004/smt-shantaben-haribhai-gajera-engineering-college-shgec
"SWAMINARAYAN COLLEGE OF ENGG. & TECH., KALOL",Yes,Yes,Yes,https://www.swaminarayanuniversity.ac.in/Engineering
"SWARRNIM INSTITUTE OF TECHNOLOGY",Yes,Yes,Yes,https://www.swarrnim.edu.in/
"UNITEDWORLD INSTITUTE OF TECHNOLOGY, UVARSAD, GANDHINAGAR",Yes,Yes,Yes,https://unitedworld.edu.in
"V.V.P. ENGINEERING COLLEGE, RAJKOT",Yes,Yes,Yes,https://vvpedulink.ac.in/
"VADODARA INSTITUTE OF ENGINEERING, KOTAMBI, WAGHODIYA, VADODARA",Yes,Yes,Yes,https://vier.org.in/
"VEERAYATAN INSTITUTE OF ENGINEERING, MANDVI",Yes,Yes,Yes,https://veerayatan.org
"VIDHYADEEP INSTITUTE OF ENGINEERING & TECHNOLOGY, ANITA(KIM), SURAT",Yes,Yes,Yes,https://vidhyadeepuni.ac.in
"VIDUSH SOMANY INSTITUTE OF TECH. & RES., KADI",Yes,Yes,Yes,https://vsitr.ac.in
"VISHWAKARMA GOVERNMENT ENGINEERING COLLEGE, CHANDKHEDA,AHMEDABAD",Yes,Yes,Yes,https://vgecg.ac.in     